{
  "generated_at_utc": "2025-09-26T14:56:56.605627+00:00",
  "insights": {
    "found_sheets": [
      "Sheet1"
    ],
    "funnel_summary": {
      "campaign_id": {
        "count": 50,
        "unique": 50,
        "top": "CAMP_001",
        "freq": 1,
        "mean": NaN,
        "std": NaN,
        "min": NaN,
        "25%": NaN,
        "50%": NaN,
        "75%": NaN,
        "max": NaN
      },
      "channel": {
        "count": 50,
        "unique": 4,
        "top": "Organic Search",
        "freq": 16,
        "mean": NaN,
        "std": NaN,
        "min": NaN,
        "25%": NaN,
        "50%": NaN,
        "75%": NaN,
        "max": NaN
      },
      "spend_usd": {
        "count": 50.0,
        "unique": NaN,
        "top": NaN,
        "freq": NaN,
        "mean": 1071.2928,
        "std": 571.9756296008653,
        "min": 209.94,
        "25%": 554.0,
        "50%": 1108.4699999999998,
        "75%": 1608.8,
        "max": 1976.4
      },
      "impressions": {
        "count": 50.0,
        "unique": NaN,
        "top": NaN,
        "freq": NaN,
        "mean": 27412.94,
        "std": 12783.715158013514,
        "min": 5206.0,
        "25%": 17766.25,
        "50%": 27382.0,
        "75%": 37066.0,
        "max": 49020.0
      },
      "clicks": {
        "count": 50.0,
        "unique": NaN,
        "top": NaN,
        "freq": NaN,
        "mean": 2911.2,
        "std": 1310.685612765397,
        "min": 402.0,
        "25%": 1842.75,
        "50%": 3088.0,
        "75%": 3931.25,
        "max": 4979.0
      },
      "installs": {
        "count": 50.0,
        "unique": NaN,
        "top": NaN,
        "freq": NaN,
        "mean": 786.86,
        "std": 425.099268598836,
        "min": 51.0,
        "25%": 409.25,
        "50%": 839.0,
        "75%": 1156.5,
        "max": 1488.0
      },
      "signups": {
        "count": 50.0,
        "unique": NaN,
        "top": NaN,
        "freq": NaN,
        "mean": 600.98,
        "std": 347.6742253011798,
        "min": 46.0,
        "25%": 290.5,
        "50%": 584.0,
        "75%": 893.0,
        "max": 1188.0
      },
      "first_purchase": {
        "count": 50.0,
        "unique": NaN,
        "top": NaN,
        "freq": NaN,
        "mean": 384.7,
        "std": 238.27905523412107,
        "min": 27.0,
        "25%": 173.75,
        "50%": 370.0,
        "75%": 578.0,
        "max": 794.0
      },
      "repeat_purchase": {
        "count": 50.0,
        "unique": NaN,
        "top": NaN,
        "freq": NaN,
        "mean": 258.76,
        "std": 148.14823795159788,
        "min": 9.0,
        "25%": 133.25,
        "50%": 268.0,
        "75%": 366.25,
        "max": 498.0
      },
      "revenue_usd": {
        "count": 50.0,
        "unique": NaN,
        "top": NaN,
        "freq": NaN,
        "mean": 4645.523799999999,
        "std": 2943.6510684251225,
        "min": 645.39,
        "25%": 1862.5475,
        "50%": 4593.719999999999,
        "75%": 7119.215,
        "max": 9805.35
      },
      "seo_category": {
        "count": 50,
        "unique": 5,
        "top": "Supplements",
        "freq": 12,
        "mean": NaN,
        "std": NaN,
        "min": NaN,
        "25%": NaN,
        "50%": NaN,
        "75%": NaN,
        "max": NaN
      },
      "avg_position": {
        "count": 50.0,
        "unique": NaN,
        "top": NaN,
        "freq": NaN,
        "mean": 27.057999999999996,
        "std": 14.669016215639477,
        "min": 1.5,
        "25%": 16.625,
        "50%": 26.85,
        "75%": 39.775,
        "max": 49.5
      },
      "monthly_search_volume": {
        "count": 50.0,
        "unique": NaN,
        "top": NaN,
        "freq": NaN,
        "mean": 27339.48,
        "std": 11995.178931622182,
        "min": 1504.0,
        "25%": 20266.25,
        "50%": 27611.0,
        "75%": 36576.25,
        "max": 47732.0
      },
      "conversion_rate": {
        "count": 50.0,
        "unique": NaN,
        "top": NaN,
        "freq": NaN,
        "mean": 2.5789999999999997,
        "std": 1.3469500695259342,
        "min": 0.65,
        "25%": 1.5575,
        "50%": 2.315,
        "75%": 3.6375,
        "max": 4.98
      }
    }
  },
  "sample_creatives": {
    "ad_headline": "Level Up Your Wireless Earbuds Today.",
    "seo_meta": "Shop Wireless Earbuds with quality and value. Free returns.",
    "pdp_text": "Wireless Earbuds built for everyday use with durable materials and clean design.",
    "note": "Gemini error fallback: Extra data: line 5 column 4 (char 463)"
  }
}